A,RDF10
AE1-90,RDF101
AG2-600,RDF10101
AM1-501,RDF1010101
AN,RDF1010102
AP1-271,RDF1010103
AS1-945,RDF1010104
AZ20-999,RDF1010105
B,RDF1010106
B1-5802,RDF1010107
B108-5802,RDF1010108
B5800-5802,RDF1010109
B790-5802,RDF1010110
BC1-199,RDF1010111
BD10-701,RDF1010112
BD143-237,RDF1010113
BD300-450,RDF1010199
BD95-131,RDF10102
BF1-990,RDF1010201
BF309-499,RDF1010202
BH1-301,RDF1010203
BJ1-1725,RDF1010204
BJ1188-1295,RDF1010205
BL1-2790,RDF1010206
BL1-50,RDF1010207
BL1000-2370,RDF1010208
BL51-65,RDF1010209
BL660-2680,RDF1010210
BL74-99,RDF1010211
BM1-990,RDF1010212
BP1-253,RDF1010213
BP1-610,RDF1010299
BP500-585,RDF10103
BP600-610,RDF1010301
BQ1-9800,RDF1010302
BR1-1725,RDF1010303
BR140-1510,RDF1010304
BR60-67,RDF1010305
BS1-2970,RDF1010306
BS1901-2970,RDF1010307
BS701-1830,RDF1010308
BT10-1480,RDF1010309
BT1313-1480,RDF1010310
BV1-5099,RDF1010311
BV4485-5099,RDF1010312
BV4625-4780,RDF1010399
BX1-9999,RDF102
C,RDF10201
CB3-482,RDF1020101
CC1-960,RDF1020102
CD1-6471,RDF1020103
CS1-3090,RDF1020104
CT21-9999,RDF1020105
D,RDF1020106
D1-2009,RDF1020107
D111-203,RDF1020108
D204-475,RDF1020109
D299-475,RDF1020110
D51-90,RDF1020111
D900-2009,RDF1020112
DA1-995,RDF1020113
DAW1001-1051,RDF1020114
DB1-3150,RDF1020115
DB1-879,RDF1020116
DB901-999,RDF1020199
DC1-947,RDF10202
DD1-905,RDF1020201
DE1-100,RDF1020202
DF10-951,RDF1020203
DG11-999,RDF1020204
DH1-925,RDF1020205
DJK1-77,RDF1020206
DK1-4735,RDF1020207
DK4010-4800,RDF1020208
DL1-1180,RDF1020209
DL1002-1180,RDF1020210
DL401-596,RDF1020299
DP1-402,RDF10203
DP501-900.22,RDF1020301
DR1-2285,RDF1020302
DS1-937,RDF1020303
DT1-3415,RDF1020304
DU1-950,RDF1020305
E-F,RDF1020306
E11-143,RDF1020307
E151-889,RDF1020308
F1-975,RDF1020309
F1201-3799,RDF1020310
G,RDF1020311
G1-922,RDF1020312
G3180-9980,RDF1020313
G9900-9980,RDF1020399
GA1-1776,RDF10204
GA101-1776,RDF1020401
GA109.5,RDF1020402
GA51-87,RDF1020403
GB3-5030,RDF1020404
GC1-1581,RDF1020499
GE1-350,RDF10205
GF1-900,RDF1020501
GF101-127,RDF1020502
GF125,RDF1020503
GN1-890,RDF1020504
GN281-289,RDF1020505
GN282-286.7,RDF1020506
GN301-674,RDF1020507
GN49-298,RDF1020508
GN700-890,RDF1020509
GR1-950,RDF1020599
GT1-7070,RDF10206
GV1-1860,RDF1020601
GV1580-1799.4,RDF1020602
GV181.35-181.6,RDF1020603
GV557-1198.995,RDF1020604
H,RDF1020605
H1-99,RDF1020606
H53,RDF1020607
HA1-4737,RDF1020608
HB1-3840,RDF1020609
HB71-74,RDF1020610
HB848-3697,RDF1020611
HC10-1085,RDF1020612
HC92,RDF1020699
HD101-1395.5,RDF10207
HD1286-1339,RDF1020701
HD1290-1291,RDF1020702
HD1332-1333.5,RDF1020703
HD1361-1395.5,RDF1020704
HD2321-4730.9,RDF1020705
HD2330,RDF1020706
HD2340.8-2346.5,RDF1020707
HD2350.8-2356,RDF1020708
HD2365-2385,RDF1020799
HD2421-2429,RDF10208
HD28-70,RDF1020801
HD28-9999,RDF1020802
HD2951-3575,RDF1020803
HD3611-4730.9,RDF1020804
HD39-40.7,RDF1020805
HD41,RDF1020806
HD45-45.2,RDF1020807
HD47-47.4,RDF1020808
HD4801-8943,RDF1020899
HD4861-4895,RDF10299
HD49-49.5,RDF1029999
HD5481-5630.7,RDF103
HD56-57.5,RDF10301
HD5650-5660,RDF1030101
HD5701-6000.9,RDF1030102
HD58.7-58.95,RDF1030103
HD59-59.6,RDF1030104
HD60-60.5,RDF1030105
HD61,RDF1030106
HD62,RDF1030107
HD62.2-62.8,RDF1030108
HD6350-6940.7,RDF1030109
HD66-66.2,RDF1030110
HD69,RDF1030111
HD6951-6957,RDF1030112
HD6958.5-6976,RDF1030113
HD7088-7252,RDF1030199
HD72-88,RDF10302
HD7255-7256,RDF1030201
HD7260-7780.8,RDF1030202
HD7795-8027,RDF1030203
HD8031,RDF1030204
HD8038,RDF1030205
HD9000-9495,RDF1030206
HD9000-9999,RDF1030207
HD9502-9502.5,RDF1030208
HD9506-9624,RDF1030209
HD9650-9663,RDF1030210
HD9665-9675,RDF1030299
HD9680-9714,RDF10303
HD9715-9717.5,RDF1030301
HD9720-9975,RDF1030302
HD9999,RDF1030303
HE1-9990,RDF1030304
HE9713-9715,RDF1030305
HF1-6182,RDF1030306
HF1014,RDF1030307
HF1021-1027,RDF1030308
HF1701-2701,RDF1030309
HF294-343,RDF1030399
HF5001-6182,RDF10304
HF5381-5386,RDF1030401
HF5387-5387.5,RDF1030402
HF5410-5417.5,RDF1030403
HF5428-5429.6,RDF1030404
HF5437-5444,RDF1030499
HF5460-5469.5,RDF10305
HF5469.7-5481,RDF1030501
HF5482-5482.4,RDF1030502
HF5546-5548.6,RDF1030503
HF5548.7-5548.85,RDF1030504
HF5549-5549.5,RDF1030505
HF5601-5689,RDF1030506
HF5691-5716,RDF1030507
HF5717-5734.7,RDF1030508
HF5735-5746,RDF1030509
HF5761-5780,RDF1030510
HF5801-6182,RDF1030599
HG1-9999,RDF10306
HG1501-3550,RDF1030601
HG8011-9999,RDF1030602
HJ2240-5908,RDF1030603
HJ4113-4601,RDF1030604
HM401-1281,RDF1030605
HN1-995,RDF1030606
HQ1-2044,RDF1030607
HQ1088-1090.7,RDF1030699
HQ1101-2030.7,RDF10399
HS1-3371,RDF1039901
HT101-395,RDF1039902
HT161-165,RDF1039903
HT165.5-169.9,RDF1039999
HT170-178,RDF104
HT201-221,RDF10401
HT231,RDF1040101
HT321-325,RDF1040102
HT330-334,RDF1040103
HT351-352,RDF1040104
HT361-384,RDF1040105
HT388,RDF1040106
HT390-395,RDF1040107
HT51-1595,RDF1040108
HT51-65,RDF1040199
HV1-9960,RDF10402
HX1-970.7,RDF1040201
J,RDF1040202
JA1-92,RDF1040203
JC11-607,RDF1040204
JF20-2112,RDF1040205
JQ1-6651,RDF1040206
JV1-9480,RDF1040207
JZ2-6530,RDF1040208
K,RDF1040209
K1-7720,RDF1040210
K1000-1395,RDF1040211
K201-487,RDF1040212
K3150,RDF1040213
K3581-3598,RDF1040214
K3601-3611,RDF1040215
K3840-4375,RDF1040299
K4011-4343,RDF10403
K4430-4675,RDF1040301
K5000-5582,RDF1040302
K520-5582,RDF1040303
K623-968,RDF1040304
K7000-7720,RDF1040305
K720-792,RDF1040306
K7585-7595,RDF1040307
KBP1-4860,RDF1040308
KJ-KKZ,RDF1040309
KJ2-1040,RDF1040310
KL-KWX,RDF1040399
KN,RDF10404
KZ2-6785,RDF1040401
L,RDF1040402
L7-991,RDF1040403
LA5-2396,RDF1040404
LB5-3640,RDF1040405
LC8-6691,RDF1040406
M,RDF1040499
M1-5000,RDF10405
ML1-3930,RDF1040501
MT1-960,RDF1040502
Medicine,RDF1040503
N,RDF1040504
N1-9211,RDF1040505
NA1-9428,RDF1040506
NA2695-2793,RDF1040507
NA9000-9428,RDF1040508
NB1-1952,RDF1040599
NC1-1940,RDF10406
ND25-3416,RDF1040601
NE1-3002,RDF1040602
NE1-978,RDF1040603
NE380,RDF1040604
NK1-9990,RDF1040605
NX1-820,RDF1040606
NX440-632,RDF1040607
P,RDF1040608
P1-1091,RDF1040609
P101-410,RDF1040610
P118-118.7,RDF1040611
P201-299,RDF1040612
P301-301.5,RDF1040699
P302-302.87,RDF10407
P306-310,RDF1040701
P325-325.5,RDF1040702
P327-327.5,RDF1040703
P87-96,RDF1040704
P95-95.6,RDF1040705
P98-98.5,RDF1040706
PA,RDF1040799
PA201-899,RDF10499
PC1-5498,RDF1049901
PD1-7159,RDF1049902
PD1501-7159,RDF1049903
PE1-3729,RDF1049999
PG1-9665,RDF105
PH1-5490,RDF10501
PH501-1109,RDF1050101
PH91-98.5,RDF1050102
PJ,RDF1050103
PK1-9601,RDF1050104
PL1-8844,RDF1050105
PL1001-3208,RDF1050106
PL501-889,RDF1050107
PL8000-8844,RDF1050108
PN1-6790,RDF1050109
PN1560-1590,RDF1050110
PN1600-3307,RDF1050111
PN1993-1999,RDF1050112
PN2000-3307,RDF1050113
PN4001-4355,RDF1050114
PN4699-5650,RDF1050115
PQ1-3999,RDF1050199
PR1-9680,RDF10502
PS1-3576,RDF1050201
PT1-4897,RDF1050202
PT8301-9155,RDF1050203
Q,RDF1050204
Q1-390,RDF1050205
Q300-390,RDF1050206
Q350-390,RDF1050207
QA1-939,RDF1050208
QA273-280,RDF1050299
QA299.6-433,RDF10503
QA71-90,RDF1050301
QA75.5-76.95,RDF1050302
QA76.75-76.765,RDF1050303
QA801-939,RDF1050304
QB1-991,RDF1050305
QB275-343,RDF1050306
QB460-466,RDF1050307
QC1-75,RDF1050308
QC1-999,RDF1050309
QC120-168.85,RDF1050310
QC170-197,RDF1050311
QC221-246,RDF1050312
QC251-338.5,RDF1050313
QC310.15-319,RDF1050314
QC350-467,RDF1050315
QC501-721,RDF1050316
QC501-766,RDF1050399
QC717.6-718.8,RDF10504
QC770-798,RDF1050401
QC793-793.5,RDF1050402
QC794.95-798,RDF1050403
QC801-809,RDF1050404
QC811-849,RDF1050405
QC851-999,RDF1050406
QD1-65,RDF1050407
QD1-999,RDF1050408
QD146-197,RDF1050409
QD241-441,RDF1050499
QD415-436,RDF10505
QD450-801,RDF1050501
QD71-142,RDF1050502
QD901-999,RDF1050503
QE1-996.5,RDF1050504
QE351-399.2,RDF1050505
QE420-499,RDF1050506
QE500-639.5,RDF1050507
QE640-699,RDF1050508
QE701-760,RDF1050509
QH1-199.5,RDF1050510
QH1-278.5,RDF1050511
QH201-278.5,RDF1050599
QH301-705.5,RDF10506
QH359-425,RDF1050601
QH426-470,RDF1050602
QH471-489,RDF1050603
QH501-531,RDF1050604
QH540-549.5,RDF1050605
QH573-671,RDF1050606
QH705-705.5,RDF1050607
QK1-989,RDF1050699
QK900-989,RDF10507
QL1-991,RDF1050701
QM1-695,RDF1050702
QP1-981,RDF1050703
QP351-495,RDF1050704
QP501-801,RDF1050705
QR1-502,RDF1050706
QR100-130,RDF1050707
R,RDF1050799
R131-687,RDF10508
R5-130.5,RDF1050801
R5-920,RDF1050802
R723-726,RDF1050803
R855-855.5,RDF1050899
R858-859.7,RDF10509
R895-920,RDF1050901
RA1-1270,RDF1050902
RA1190-1270,RDF1050999
RB1-214,RDF10510
RC109-216,RDF1051001
RC1200-1245,RDF1051002
RC254-282,RDF1051003
RC31-1245,RDF1051004
RC321-571,RDF1051005
RC346-429,RDF1051006
RC435-571,RDF1051007
RC475-489,RDF1051008
RC581-607,RDF1051009
RC581-951,RDF1051010
RC620-627,RDF1051099
RC633-647.5,RDF10511
RC648-665,RDF1051101
RC666-701,RDF1051102
RC705-779,RDF1051103
RC799-869,RDF1051104
RC86-88.9,RDF1051105
RC870-923,RDF1051106
RC925-935,RDF1051107
RC952-1245,RDF1051108
RC952-954.6,RDF1051109
RC955-962,RDF1051199
RC963-969,RDF10599
RD1-811,RDF1059901
RD701-811,RDF1059999
RD78.3-87.3,RDF106
RE1-994,RDF10601
RF1-547,RDF1060101
RG1-991,RDF1060102
RJ1-570,RDF1060103
RK1-715,RDF1060104
RL1-803,RDF1060105
RM1-950,RDF1060106
RS1-441,RDF1060107
RT1-120,RDF1060108
RX1-681,RDF1060109
RZ201-275,RDF1060110
RZ201-999,RDF1060111
RZ301-397.5,RDF1060112
RZ399,RDF1060113
RZ400-408,RDF1060199
RZ409.7-999,RDF10602
S,RDF1060201
S1-972,RDF1060202
SB1-1110,RDF1060203
SD1-669.5,RDF1060204
SF1-1100,RDF1060205
SF191-275,RDF1060206
SF221-250,RDF1060207
SF250.5-275,RDF1060208
SF600-1100,RDF1060209
SH1-691,RDF1060210
SK1-664,RDF1060211
T,RDF1060299
T1-995,RDF10603
T11.95-12.5,RDF1060301
T351-385,RDF1060302
T55-55.3,RDF1060303
T55.4-60.8,RDF1060304
T57-57.97,RDF1060305
T58.5-58.64,RDF1060306
T58.6-58.62,RDF1060307
T58.7-58.8,RDF1060308
T59.5,RDF1060309
TA1-2040,RDF1060310
TA1001-1280,RDF1060311
TA1501-1820,RDF1060312
TA168,RDF1060313
TA170-171,RDF1060399
TA174,RDF10604
TA177.4-185,RDF1060401
TA2001-2040,RDF1060402
TA213-215,RDF1060403
TA349-359,RDF1060404
TA365-367,RDF1060405
TA401-492,RDF1060499
TA495,RDF10605
TA501-625,RDF1060501
TA630-695,RDF1060502
TA703-712,RDF1060503
TA715-787,RDF1060504
TC1-978,RDF1060505
TC1501-1800,RDF1060506
TC160-181,RDF1060507
TC203-380,RDF1060508
TC401-506,RDF1060509
TC530-537,RDF1060510
TC601-791,RDF1060511
TC801-978,RDF1060512
TD1-1066,RDF1060599
TD1020-1066,RDF10606
TD169-171.8,RDF1060601
TD172-193.5,RDF1060602
TD194-195,RDF1060603
TD201-500,RDF1060604
TD511-780,RDF1060605
TD783-812.5,RDF1060606
TD878-894,RDF1060607
TD920-934,RDF1060608
TE1-450,RDF1060609
TF1-1620,RDF1060610
TG1-470,RDF1060611
TH1-9745,RDF1060612
TH1000-1725,RDF1060613
TH2025-3000,RDF1060614
TH7005-7699,RDF1060615
TH845-895,RDF1060616
TH9025-9745,RDF1060699
TJ1-1570,RDF10607
TJ163.26-163.5,RDF1060701
TJ212-225,RDF1060702
TJ227-240,RDF1060703
TJ807-830,RDF1060704
TK1-9971,RDF1060705
TK1001-1841,RDF1060706
TK3001-3521,RDF1060707
TK4001-4102,RDF1060708
TK452-454.4,RDF1060709
TK5101-6720,RDF1060799
TK7800-8360,RDF10608
TK7885-7895,RDF1060801
TK9001-9401,RDF1060802
TL1-4050,RDF1060803
TN1-997,RDF1060804
TP1-1185,RDF1060805
TP1080-1185,RDF1060806
TP155-156,RDF1060807
TP200-248,RDF1060808
TP248.13-248.65,RDF1060809
TP250-261,RDF1060810
TP267.5-301,RDF1060811
TP315-360,RDF1060899
TP368-456,RDF10609
TP480-498,RDF1060901
TP500-660,RDF1060902
TP670-699,RDF1060903
TP690-692.5,RDF1060904
TP751-762,RDF1060905
TP785-869,RDF1060906
TP875-888,RDF1060907
TP890-933,RDF1060908
TP934-945,RDF1060909
TR1-1050,RDF1060910
TS1-2301,RDF1060911
TS155-194,RDF1060912
TS195-198.8,RDF1060999
TT1-999,RDF10610
TX1-1110,RDF1061001
TX341-641,RDF1061002
TX642-840,RDF1061003
TX901-946.5,RDF1061004
U,RDF1061005
V,RDF1061006
VM1-989,RDF1061007
Z,RDF1061008
Z1001-1121,RDF1061009
Z1001-8999,RDF1061010
ZA3040-5185,RDF1061011
ag,RDF1061012
