Date,Publications added today,Total publications loaded,Invitation emails sent to Mandrill today,Follow up campaign emails sent to Mandrill today,Total invitation and follow up campaign emails sent to Mandrill today,Registrations today,Registrations today / Invitation and Follow up emails sent today,Total registrations,Registration verifications today,Registration verifications today / Invitation and Follow up emails sent today,Total verified registrations
2015-09-13,8003,2671671,0,0,0,31,,66618,18,,58507
2015-09-12,1093,2663668,0,0,0,30,,66587,22,,58489
2015-09-11,3137,2662575,0,0,0,54,,66557,44,,58467
2015-09-10,1380,2659438,444,992,1436,108,7.52%,66503,96,6.69%,58423
2015-09-09,933,2658058,151,436,587,96,16.35%,66395,91,15.50%,58327
2015-09-08,7494,2657125,255,1615,1870,125,6.68%,66299,115,6.15%,58236
2015-09-07,3964,2649631,0,0,0,72,,66174,59,,58121
2015-09-06,4260,2645667,0,0,0,43,,66103,33,,58063
2015-09-05,1793,2641407,0,0,0,40,,66060,33,,58030
2015-09-04,8263,2639614,0,0,0,144,,66020,130,,57997
2015-09-03,3832,2631351,605,6699,7304,370,5.07%,65876,360,4.93%,57867
2015-09-02,9230,2627519,2361,5492,7853,410,5.22%,65506,397,5.06%,57507
2015-09-01,3433,2618289,450,4841,5291,267,5.05%,65096,250,4.72%,57110
2015-08-31,2151,2614856,0,0,0,69,,64829,56,,56860
2015-08-30,1964,2612705,0,0,0,24,,64760,23,,56804
2015-08-29,88776,2610741,0,0,0,26,,64736,21,,56781
2015-08-28,7812,2521965,0,0,0,84,,64710,72,,56760
2015-08-27,2144,2514153,552,5172,5724,268,4.68%,64626,254,4.44%,56688
2015-08-26,1277,2512009,136,4185,4321,251,5.81%,64358,237,5.48%,56434
2015-08-25,3621,2510732,723,6962,7685,319,4.15%,64107,319,4.15%,56197
2015-08-24,4443,2507111,0,0,0,116,,63788,98,,55878
2015-08-23,950,2502668,0,0,0,45,,63672,35,,55779
2015-08-22,2633,2501718,0,0,0,41,,63627,38,,55744
2015-08-21,2293,2499085,0,0,0,134,,63586,119,,55706
2015-08-20,2746,2496792,517,5028,5545,354,6.38%,63452,345,6.22%,55587
2015-08-19,4426,2494046,70,8260,8330,430,5.16%,63098,412,4.95%,55242
2015-08-18,5437,2489620,767,11178,11945,456,3.82%,62668,436,3.65%,54830
2015-08-17,13780,2484183,0,0,0,80,,62212,74,,54394
2015-08-16,16602,2470403,0,0,0,39,,62132,37,,54320
2015-08-15,3435,2453801,0,0,0,40,,62093,32,,54283
2015-08-14,1481,2450366,0,0,0,142,,62053,135,,54251
2015-08-13,1364,2448885,519,8178,8697,297,3.42%,61911,308,3.54%,54116
2015-08-12,1426,2447521,105,4004,4109,219,5.33%,61615,15207,370.09%,53809
2015-08-11,1663,2446095,675,5178,5853,278,4.75%,61396,266,4.54%,38602
2015-08-10,4691,2444432,0,0,0,129,,61118,111,,38336
2015-08-09,1736,2439741,0,0,0,35,,60989,34,,38225
2015-08-08,1490,2438005,0,0,0,54,,60954,45,,38191
2015-08-07,9788,2436515,0,0,0,166,,60900,156,,38146
2015-08-06,9838,2426727,3221,5976,9197,415,4.51%,60734,396,4.31%,37990
2015-08-05,4956,2416889,1517,1654,3171,331,10.44%,60321,318,10.03%,37596
2015-08-04,8971,2411933,5769,7731,13500,450,3.33%,59990,435,3.22%,37278
2015-08-03,14818,2402962,0,0,0,124,,59541,111,,36843
2015-08-02,5351,2388144,0,0,0,45,,59418,42,,36733
2015-08-01,2263,2382793,0,0,0,53,,59373,50,,36691
2015-07-31,1460,2380530,0,0,0,194,,59320,184,,36641
2015-07-30,2795,2379070,5423,5618,11041,422,3.82%,59126,410,3.71%,36457
2015-07-29,1075,2376275,5914,288,6202,363,5.85%,58704,340,5.48%,36047
2015-07-28,1353,2375200,5644,1975,7619,336,4.41%,58342,325,4.27%,35707
2015-07-27,1096,2373847,0,0,0,95,,58006,84,,35381
2015-07-26,10173,2372751,0,0,0,38,,57911,33,,35297
2015-07-25,11131,2362578,0,0,0,31,,57873,28,,35264
2015-07-24,7624,2351447,0,0,0,128,,57842,124,,35236
2015-07-23,2625,2343823,5598,461,6059,256,4.23%,57714,245,4.04%,35112
2015-07-22,2082,2341198,5024,33,5057,339,6.70%,57458,322,6.37%,34867
2015-07-21,5758,2339116,5423,7599,13022,545,4.19%,57119,524,4.02%,34545
2015-07-20,10450,2333358,0,0,0,118,,56574,96,,34021
2015-07-19,7731,2322908,0,0,0,48,,56456,46,,33925
2015-07-18,2047,2315177,0,0,0,51,,56408,48,,33878
2015-07-17,19638,2313130,0,0,0,179,,56357,167,,33830
2015-07-16,5745,2293492,5377,6404,11781,465,3.95%,56178,458,3.89%,33662
2015-07-15,1924,2287747,147,1401,1548,187,12.08%,55713,182,11.76%,33204
2015-07-14,3765,2285823,1151,7718,8869,382,4.31%,55526,378,4.26%,33022
2015-07-13,1649,2282058,0,0,0,47,,55144,42,,32644
2015-07-12,1374,2280409,0,0,0,36,,55097,30,,32600
2015-07-11,4349,2279035,0,0,0,37,,55061,36,,32570
2015-07-10,5154,2274686,0,0,0,93,,55024,85,,32534
2015-07-09,3442,2269532,411,4705,5116,266,5.20%,54931,255,4.98%,32449
2015-07-08,2766,2266090,34,4327,4361,326,7.48%,54666,317,7.27%,32195
2015-07-07,11582,2263324,3410,8771,12181,557,4.57%,54342,537,4.41%,31878
2015-07-06,1237,2251742,0,0,0,113,,53785,96,,31341
2015-07-05,757,2250505,0,0,0,45,,53672,37,,31245
2015-07-04,1068,2249748,0,0,0,53,,53627,47,,31208
2015-07-03,1380,2248680,0,0,0,164,,53574,160,,31161
2015-07-01,17044,2231310,90,9424,9514,419,4.40%,52919,411,4.32%,30514
2015-06-30,2786,2214266,1699,1559,3258,201,6.17%,52500,195,5.99%,30103
2015-06-29,699,2211480,0,0,0,99,,52299,84,,29908
2015-06-28,435,2210781,0,0,0,31,,52201,29,,29825
2015-06-27,1862,2210346,0,0,0,36,,52170,34,,29796
2015-06-26,1591,2208484,0,0,0,125,,52134,116,,29762
2015-06-25,2501,2206893,320,5667,5987,342,5.71%,52009,338,5.65%,29646
2015-06-24,2944,2204392,29,5109,5138,310,6.03%,51667,296,5.76%,29308
2015-06-23,5321,2201448,701,6501,7202,337,4.68%,51357,326,4.53%,29012
2015-06-22,965,2196127,0,0,0,105,,51021,96,,28687
2015-06-21,2619,2195162,0,0,0,54,,50918,52,,28592
2015-06-20,5081,2192543,0,0,0,63,,50864,62,,28540
2015-06-19,2764,2187462,0,0,0,191,,50801,180,,28478
2015-06-18,8717,2184698,3445,7488,10933,625,5.72%,50610,610,5.58%,28298
2015-06-17,19637,2175981,5394,10223,15617,757,4.85%,49985,749,4.80%,27688
2015-06-16,31181,2156344,5750,11418,17168,657,3.83%,49228,649,3.78%,26939
2015-06-15,14178,2125163,0,0,0,63,,48571,52,,26290
2015-06-14,10214,2110985,0,0,0,24,,48508,17,,26237
2015-06-13,4282,2100771,0,0,0,22,,48484,15,,26220
2015-06-12,1807,2096489,0,0,0,74,,48462,62,,26205
2015-06-11,4884,2094682,436,457,893,51,5.71%,48388,48,5.38%,26143
2015-06-10,2873,2089798,44,127,171,83,48.54%,48337,73,42.69%,26095
2015-06-09,3284,2086925,877,1630,2507,151,6.02%,48254,146,5.82%,26020
2015-06-08,620,2083641,0,0,0,41,,48104,30,,25874
2015-06-07,851,2083021,0,0,0,17,,48063,14,,25844
2015-06-06,3056,2082170,0,0,0,17,,48046,19,,25830
2015-06-05,15888,2079114,0,0,0,50,,48029,43,,25811
2015-06-04,12363,2063226,288,499,787,87,11.05%,47979,78,9.91%,25768
2015-06-03,11425,2050863,119,835,954,117,12.26%,47892,135,14.15%,25690
2015-06-02,13419,2039438,1047,689,1736,184,10.60%,47776,171,9.85%,25549
2015-06-01,16693,2026019,0,0,0,59,,47593,44,,25379
2015-05-31,9050,2009326,0,0,0,26,,47534,23,,25335
2015-05-30,35220,2000276,0,0,0,40,,47508,35,,25312
2015-05-29,8715,1965056,0,0,0,117,,47468,101,,25275
2015-05-28,6129,1956341,482,711,1193,106,8.89%,47351,98,8.21%,25171
2015-05-27,3050,1950212,85,788,873,112,12.83%,47245,101,11.57%,25072
2015-05-26,16296,1947162,862,865,1727,196,11.35%,47133,185,10.71%,24971
2015-05-25,6272,1930866,0,0,0,60,,46937,54,,24786
2015-05-24,1056,1924594,0,0,0,44,,46878,41,,24733
2015-05-23,2458,1923538,0,0,0,49,,46834,48,,24692
2015-05-22,2296,1921080,0,0,0,191,,46785,174,,24644
2015-05-21,6589,1918784,5452,4269,9721,520,5.35%,46594,519,5.34%,24469
2015-05-20,6750,1912195,5145,5094,10239,575,5.62%,46074,311,3.04%,23950
2015-05-19,6373,1905445,5587,5358,10945,473,4.32%,45500,186,1.70%,23639
2015-05-18,706,1899072,0,0,0,55,,45029,36,,23452
2015-05-17,536,1898366,0,0,0,42,,44974,20,,23416
2015-05-16,725,1897830,0,0,0,33,,44932,17,,23396
2015-05-15,1889,1897105,0,0,0,116,,44899,65,,23379
2015-05-14,3752,1895216,5010,404,5414,294,5.43%,44783,130,2.40%,23314
2015-05-13,4579,1891464,5033,1808,6841,337,4.93%,44490,136,1.99%,23184
2015-05-12,4743,1886885,5961,1488,7449,336,4.51%,44154,159,2.13%,23049
2015-05-11,640,1882142,0,0,0,56,,43819,36,,22891
2015-05-10,445,1881502,0,0,0,17,,43764,12,,22856
2015-05-09,1170,1881057,0,0,0,23,,43747,9,,22844
2015-05-08,22933,1879887,0,0,0,80,,43724,47,,22834
2015-05-07,4199,1856954,5084,956,6040,309,5.12%,43644,128,2.12%,22787
2015-05-06,5154,1852755,5070,139,5209,324,6.22%,43336,134,2.57%,22659
2015-05-05,5964,1847601,5830,1290,7120,302,4.24%,43012,128,1.80%,22525
2015-05-04,158,1841637,0,0,0,22,,42710,12,,22395
2015-05-03,338,1841479,0,0,0,12,,42688,4,,22383
2015-05-02,44881,1841141,0,0,0,13,,42676,6,,22379
2015-05-01,1150,1796260,0,0,0,32,,42663,16,,22373
2015-04-30,1006,1795110,175,589,764,52,6.81%,42631,17,2.23%,22357
2015-04-29,3231,1794103,797,1948,2745,129,4.70%,42577,48,1.75%,22339
2015-04-28,2421,1790872,881,738,1619,124,7.66%,42447,60,3.71%,22291
2015-04-27,756,1788450,0,0,0,58,,42323,43,,22231
2015-04-26,351,1787694,0,0,0,18,,42265,14,,22188
2015-04-25,1206,1787343,0,0,0,20,,42247,9,,22174
2015-04-24,969,1786136,0,0,0,36,,42227,17,,22165
2015-04-23,1725,1785161,737,420,1157,79,6.83%,42190,34,2.94%,22147
2015-04-22,1762,1783435,39,965,1004,141,14.04%,42110,54,5.38%,22112
2015-04-21,3819,1781673,673,9534,10207,280,2.74%,41970,98,0.96%,22059
2015-04-20,787,1777854,0,0,0,69,,41690,37,,21961
2015-04-19,409,1777067,0,0,0,18,,41621,12,,21924
2015-04-18,1183,1776658,0,0,0,15,,41603,6,,21912
2015-04-17,1309,1775475,0,0,0,45,,41588,14,,21906
2015-04-16,1837,1774166,408,933,1341,79,5.89%,41543,19,1.42%,21892
2015-04-15,2208,1772329,150,495,645,119,18.45%,41464,32,4.96%,21873
2015-04-14,5323,1770121,1868,1165,3033,184,6.07%,41345,52,1.71%,21841
2015-04-13,3982,1764798,0,0,0,120,,41161,45,,21789
2015-04-12,27735,1760816,0,0,0,25,,41041,8,,21744
2015-04-11,21659,1733081,0,0,0,30,,41016,9,,21736
2015-04-10,2526,1711422,0,0,0,43,,40986,12,,21727
2015-04-09,860,1708896,217,65,282,88,31.21%,40943,21,7.45%,21715
2015-04-08,7447,1708036,191,1374,1565,222,14.19%,40855,65,4.15%,21694
2015-04-07,4107,1700589,654,11811,12465,348,2.79%,40633,80,0.64%,21629
2015-04-06,720,1696482,0,0,0,66,,40285,22,,21549
2015-04-05,900,1695762,0,0,0,41,,40219,8,,21527
2015-04-04,319,1694862,0,0,0,48,,40178,14,,21519
2015-04-03,2230,1694543,0,0,0,144,,40130,26,,21505
2015-04-02,4997,1692313,235,21044,21279,611,2.87%,39986,112,0.53%,21479
2015-04-01,1300,1687316,155,1076,1231,84,6.82%,39375,28,2.27%,21367
2015-03-31,793,1686016,462,352,814,64,7.86%,39291,37,4.55%,21339
2015-03-30,1192,1685223,0,0,0,99,,39227,64,,21302
2015-03-29,711,1684031,0,0,0,21,,39128,12,,21238
2015-03-28,1159,1683320,0,0,0,32,,39107,14,,21226
2015-03-27,1611,1682161,0,0,0,64,,39075,36,,21212
2015-03-26,2043,1680550,564,441,1005,113,11.24%,39011,50,4.98%,21176
2015-03-25,3085,1678507,239,508,747,177,23.69%,38898,89,11.91%,21126
2015-03-24,4552,1675422,1119,7851,8970,285,3.18%,38721,128,1.43%,21037
2015-03-23,1158,1670870,0,0,0,105,,38436,52,,20909
2015-03-22,1261,1669712,0,0,0,71,,38331,32,,20857
2015-03-21,2691,1668451,0,0,0,89,,38260,37,,20825
2015-03-20,4940,1665760,0,0,0,353,,38171,141,,20788
2015-03-19,13557,1660820,892,22477,23369,1030,4.41%,37818,411,1.76%,20647
2015-03-18,18485,1647263,11691,29209,40900,1386,3.39%,36788,490,1.20%,20236
2015-03-17,2600,1628778,754,467,1221,91,7.45%,35402,40,3.28%,19746
2015-03-16,866,1626178,0,0,0,59,,35311,38,,19706
2015-03-15,719,1625312,0,0,0,16,,35252,6,,19668
2015-03-14,1301,1624593,0,0,0,25,,35236,9,,19662
2015-03-13,1803,1623292,0,0,0,47,,35211,22,,19653
2015-03-12,3663,1621489,505,3833,4338,143,3.30%,35164,53,1.22%,19631
2015-03-11,2798,1617826,73,3281,3354,116,3.46%,35021,46,1.37%,19578
2015-03-10,2388,1615028,515,1262,1777,143,8.05%,34905,65,3.66%,19532
2015-03-09,1115,1612640,0,0,0,121,,34762,64,,19467
2015-03-08,1265,1611525,0,0,0,42,,34641,23,,19403
2015-03-07,2943,1610260,0,0,0,58,,34599,20,,19380
2015-03-06,2642,1607317,0,0,0,189,,34541,64,,19360
2015-03-05,9451,1604675,590,11316,11906,658,5.53%,34352,199,1.67%,19296
2015-03-04,23486,1595224,12790,17029,29819,1055,3.54%,33694,395,1.32%,19097
2015-03-03,13298,1571738,11956,27072,39028,1125,2.88%,32639,438,1.12%,18702
2015-03-02,767,1558440,0,0,0,49,,31514,35,,18264
2015-03-01,1167,1557673,0,0,0,10,,31465,2,,18229
2015-02-28,9414,1556506,0,0,0,16,,31455,7,,18227
2015-02-27,1848,1547092,284,0,284,41,14.44%,31439,20,7.04%,18220
2015-02-26,1844,1545244,0,0,0,56,,31398,27,,18200
2015-02-25,23244,1543400,0,3989,3989,155,3.89%,31342,51,1.28%,18173
2015-02-24,2627,1520156,0,3999,3999,141,3.53%,31187,51,1.28%,18122
2015-02-23,2445,1517529,0,0,0,71,,31046,42,,18071
2015-02-22,956,1515084,0,0,0,18,,30975,10,,18029
2015-02-21,2579,1514128,0,0,0,23,,30957,13,,18019
2015-02-20,3894,1511549,0,0,0,72,,30934,24,,18006
2015-02-19,7397,1507655,0,4014,4014,252,6.28%,30862,95,2.37%,17982
2015-02-18,5249,1500258,0,12176,12176,389,3.19%,30610,116,0.95%,17887
2015-02-17,5746,1495009,0,14562,14562,387,2.66%,30221,133,0.91%,17771
2015-02-16,2598,1489263,0,0,0,59,,29834,42,,17638
2015-02-15,1181,1486665,0,0,0,21,,29775,10,,17596
2015-02-14,4197,1485484,0,0,0,24,,29754,15,,17586
2015-02-13,3067,1481287,0,0,0,64,,29730,40,,17571
2015-02-12,2356,1478220,0,0,0,16,,29666,11,,17531
2015-02-11,2408,1475864,0,0,0,40,,29650,29,,17520
2015-02-10,2929,1473456,0,0,0,22,,29610,14,,17491
2015-02-09,4194,1470527,0,0,0,37,,29588,27,,17477
2015-02-08,1287,1466333,0,0,0,3,,29551,3,,17450
2015-02-07,3867,1465046,0,0,0,4,,29548,4,,17447
2015-02-06,13538,1461179,0,0,0,6,,29544,4,,17443
2015-02-05,1790,1447641,0,0,0,10,,29538,6,,17439
2015-02-04,9031,1445851,0,0,0,6,,29528,4,,17433
2015-02-03,4934,1436820,0,0,0,21,,29522,12,,17429
2015-02-02,5335,1431886,0,0,0,41,,29501,32,,17417
2015-02-01,1879,1426551,0,0,0,1,,29460,1,,17385
2015-01-31,16957,1424672,0,0,0,1,,29459,1,,17384
2015-01-30,4876,1407715,0,0,0,10,,29458,8,,17383
2015-01-29,10875,1402839,0,0,0,4,,29448,2,,17375
2015-01-28,19124,1391964,0,0,0,8,,29444,7,,17373
2015-01-27,16940,1372840,0,0,0,15,,29436,9,,17366
2015-01-26,15150,1355900,0,0,0,39,,29421,21,,17357
2015-01-25,21978,1340750,0,0,0,3,,29382,1,,17336
2015-01-24,38444,1318772,0,0,0,2,,29379,1,,17335
2015-01-23,42822,1280328,0,0,0,11,,29377,1,,17334
2015-01-22,259710,1237506,0,0,0,8,,29366,3,,17333
2015-01-21,178659,977796,0,0,0,14,,29358,0,,17330
2015-01-20,23201,799137,0,0,0,18,,29344,10,,17330
2015-01-19,893,775936,0,0,0,43,,29326,35,,17320
2015-01-18,1135,775043,0,0,0,9,,29283,8,,17285
2015-01-17,776,773908,0,0,0,7,,29274,5,,17277
2015-01-16,792,773132,0,0,0,10,,29267,5,,17272
2015-01-15,707,772340,0,0,0,11,,29257,9,,17267
2015-01-14,446,771633,0,0,0,19,,29246,12,,17258
2015-01-13,646,771187,0,0,0,16,,29227,14,,17246
2015-01-12,419,770541,0,0,0,38,,29211,31,,17232
2015-01-11,1134,770122,0,0,0,4,,29173,4,,17201
2015-01-10,1405,768988,0,0,0,5,,29169,2,,17197
2015-01-09,195,767583,0,0,0,14,,29164,11,,17195
2015-01-08,452,767388,0,0,0,6,,29150,6,,17184
2015-01-07,552,766936,0,0,0,22,,29144,16,,17178
2015-01-06,429,766384,0,0,0,23,,29122,19,,17162
2015-01-05,1111,765955,0,0,0,72,,29099,59,,17143
2015-01-04,657,764844,0,0,0,6,,29027,3,,17084
2015-01-03,1133,764187,0,0,0,3,,29021,3,,17081
2015-01-02,511,763054,0,0,0,6,,29018,5,,17078
2015-01-01,421,762543,0,0,0,4,,29012,2,,17073
2014-12-31,789,762122,0,0,0,2,,29008,1,,17071
2014-12-30,429,761333,0,0,0,8,,29006,8,,17070
2014-12-29,368,760904,0,0,0,17,,28998,12,,17062
2014-12-28,784,760536,0,0,0,7,,28981,6,,17050
2014-12-27,370,759752,0,0,0,9,,28974,8,,17044
2014-12-26,275,759382,0,0,0,14,,28965,10,,17036
2014-12-25,590,759107,0,0,0,7,,28951,6,,17026
2014-12-24,249,758517,0,0,0,15,,28944,14,,17020
2014-12-23,1238,758268,0,0,0,31,,28929,26,,17006
2014-12-22,1439,757030,0,0,0,119,,28898,93,,16980
2014-12-21,145,755591,0,0,0,3,,28779,1,,16887
2014-12-20,1226,755446,0,0,0,7,,28776,5,,16886
2014-12-19,2521,754220,0,0,0,10,,28769,6,,16881
2014-12-18,220,751699,0,0,0,9,,28759,7,,16875
2014-12-17,280,751479,0,0,0,14,,28750,9,,16868
2014-12-16,1206,751199,0,0,0,21,,28736,20,,16859
2014-12-15,360,749993,0,0,0,28,,28715,22,,16839
2014-12-14,1090,749633,0,0,0,9,,28687,5,,16817
2014-12-13,337,748543,0,0,0,18,,28678,14,,16812
2014-12-12,1395,748206,0,0,0,66,,28660,54,,16798
2014-12-11,809,746811,0,0,0,25,,28594,17,,16744
2014-12-10,608,746002,0,0,0,29,,28569,18,,16727
2014-12-09,1499,745394,0,0,0,106,,28540,76,,16709
2014-12-08,356,743895,0,0,0,22,,28434,16,,16633
2014-12-07,251,743539,0,0,0,10,,28412,10,,16617
2014-12-06,1333,743288,0,0,0,14,,28402,8,,16607
2014-12-05,738,741955,0,0,0,20,,28388,13,,16599
2014-12-04,690,741217,0,0,0,13,,28368,8,,16586
2014-12-03,1227,740527,0,0,0,35,,28355,16,,16578
2014-12-02,594,739300,0,0,0,37,,28320,14,,16562
2014-12-01,909,738706,0,0,0,60,,28283,41,,16548
2014-11-30,1700,737797,0,0,0,21,,28223,15,,16507
2014-11-29,821,736097,0,0,0,27,,28202,21,,16492
2014-11-28,913,735276,0,0,0,58,,28175,41,,16471
2014-11-27,5831,734363,1662,603,2265,209,9.23%,28117,155,6.84%,16430
2014-11-26,5176,728532,377,14324,14701,402,2.73%,27908,275,1.87%,16275
2014-11-25,2437,723356,484,4977,5461,225,4.12%,27506,143,2.62%,16000
2014-11-24,372,720919,0,0,0,32,,27281,30,,15857
2014-11-23,308,720547,0,0,0,25,,27249,16,,15827
2014-11-22,996,720239,0,0,0,22,,27224,14,,15811
2014-11-21,900,719243,0,0,0,57,,27202,38,,15797
2014-11-20,1689,718343,534,2170,2704,175,6.47%,27145,128,4.73%,15759
2014-11-19,1320,716654,204,3809,4013,125,3.11%,26970,93,2.32%,15631
2014-11-18,4630,715334,1049,797,1846,135,7.31%,26845,103,5.58%,15538
2014-11-17,520,710704,0,0,0,67,,26710,52,,15435
2014-11-16,1730,710184,0,0,0,33,,26643,24,,15383
2014-11-15,1138,708454,0,0,0,31,,26610,24,,15359
2014-11-14,1099,707316,0,0,0,54,,26579,41,,15335
2014-11-13,2212,706217,628,246,874,157,17.96%,26525,120,13.73%,15294
2014-11-12,2992,704005,66,778,844,235,27.84%,26368,180,21.33%,15174
2014-11-11,5412,701013,945,18623,19568,591,3.02%,26133,453,2.32%,14994
2014-11-10,586,695601,0,0,0,68,,25542,51,,14541
2014-11-09,1589,695015,0,0,0,31,,25474,17,,14490
2014-11-08,1071,693426,0,0,0,34,,25443,24,,14473
2014-11-07,1802,692355,0,0,0,129,,25409,93,,14449
2014-11-06,3387,690553,515,8950,9465,327,3.45%,25280,248,2.62%,14356
2014-11-05,1753,687166,1202,11,1213,163,13.44%,24953,135,11.13%,14108
2014-11-04,2478,685413,4742,112,4854,245,5.05%,24790,188,3.87%,13973
2014-11-03,373,682935,0,0,0,25,,24545,20,,13785
2014-11-02,875,682562,0,0,0,13,,24520,11,,13765
2014-11-01,1316,681687,0,0,0,18,,24507,15,,13754
2014-10-31,1386,680371,0,0,0,30,,24489,21,,13739
2014-10-30,852,678985,0,0,0,47,,24459,36,,13718
2014-10-29,1273,678133,0,0,0,65,,24412,49,,13682
2014-10-28,2357,676860,844,6,850,111,13.06%,24347,91,10.71%,13633
2014-10-27,2072,674503,0,0,0,144,,24236,111,,13542
2014-10-26,1481,672431,0,0,0,48,,24092,40,,13431
2014-10-25,1630,670950,0,0,0,83,,24044,66,,13391
2014-10-24,4253,669320,0,0,0,383,,23961,284,,13325
2014-10-23,17989,665067,22222,12671,34893,1425,4.08%,23578,1084,3.11%,13041
2014-10-22,817,647078,73,372,445,39,8.76%,22153,29,6.52%,11957
2014-10-21,18504,646261,0,0,0,28,,22114,18,,11928
2014-10-20,341,627757,0,0,0,56,,22086,42,,11910
2014-10-19,100,627416,0,0,0,5,,22030,5,,11868
2014-10-18,2664,627316,0,0,0,7,,22025,4,,11863
2014-10-17,314,624652,0,0,0,15,,22018,11,,11859
2014-10-16,1132,624338,0,0,0,49,,22003,39,,11848
2014-10-15,725,623206,0,0,0,75,,21954,53,,11809
2014-10-14,437,622481,0,0,0,27,,21879,17,,11756
2014-10-13,355,622044,0,0,0,30,,21852,19,,11739
2014-10-12,1403,621689,0,0,0,15,,21822,12,,11720
2014-10-11,979,620286,0,0,0,33,,21807,22,,11708
2014-10-10,723,619307,0,0,0,52,,21774,32,,11686
2014-10-09,2700,618584,0,0,0,192,,21722,121,,11654
2014-10-08,7418,615884,38,19014,19052,512,2.69%,21530,320,1.68%,11533
2014-10-07,5161,608466,565,46795,47360,363,0.77%,21018,258,0.54%,11213
2014-10-06,650,603305,0,0,0,48,,20655,34,,10955
2014-10-05,1258,602655,0,0,0,20,,20607,12,,10921
2014-10-04,1930,601397,0,0,0,24,,20587,17,,10909
2014-10-03,1214,599467,0,0,0,71,,20563,48,,10892
2014-10-02,3989,598253,1517,568,2085,158,7.58%,20492,109,5.23%,10844
2014-10-01,12082,594264,5024,5217,10241,279,2.72%,20334,180,1.76%,10735
2014-09-30,2855,582182,1090,8069,9159,258,2.82%,20055,172,1.88%,10555
2014-09-29,1089,579327,0,0,0,91,,19797,63,,10383
2014-09-28,1182,578238,0,0,0,17,,19706,11,,10320
2014-09-27,1417,577056,0,0,0,27,,19689,18,,10309
2014-09-26,1184,575639,0,0,0,96,,19662,61,,10291
2014-09-25,2185,574455,486,8293,8779,221,2.52%,19566,128,1.46%,10230
2014-09-24,5246,572270,30,9440,9470,452,4.77%,19345,285,3.01%,10102
2014-09-23,10336,567024,553,45753,46306,719,1.55%,18893,496,1.07%,9817
2014-09-22,207,556688,0,0,0,44,,18174,26,,9321
2014-09-21,982,556481,0,0,0,8,,18130,6,,9295
2014-09-20,690,555499,0,0,0,13,,18122,6,,9289
2014-09-19,175,554809,0,0,0,22,,18109,14,,9283
2014-09-18,457,554634,317,283,600,43,7.17%,18087,31,5.17%,9269
2014-09-17,1052,554177,86,415,501,63,12.57%,18044,45,8.98%,9238
2014-09-16,1634,553125,618,2231,2849,155,5.44%,17981,102,3.58%,9193
2014-09-15,1075,551491,0,0,0,60,,17826,44,,9091
2014-09-14,1267,550416,0,0,0,8,,17766,4,,9047
2014-09-13,320,549149,0,0,0,8,,17758,4,,9043
2014-09-12,164,548829,0,0,0,17,,17750,13,,9039
2014-09-11,372,548665,365,238,603,32,5.31%,17733,22,3.65%,9026
2014-09-10,260,548293,50,93,143,34,23.78%,17701,22,15.38%,9004
2014-09-09,2326,548033,570,454,1024,101,9.86%,17667,72,7.03%,8982
2014-09-08,575,545707,0,0,0,35,,17566,28,,8910
2014-09-07,1043,545132,0,0,0,4,,17531,4,,8882
2014-09-06,856,544089,0,0,0,10,,17527,8,,8878
2014-09-05,508,543233,0,0,0,15,,17517,11,,8870
2014-09-04,2251,542725,303,0,303,35,11.55%,17502,25,8.25%,8859
2014-09-03,1979,540474,433,2,435,45,10.34%,17467,30,6.90%,8834
2014-09-02,2272,538495,2207,573,2780,107,3.85%,17422,80,2.88%,8804
2014-09-01,425,536223,0,0,0,21,,17315,17,,8724
2014-08-31,1023,535798,0,0,0,4,,17294,1,,8707
2014-08-30,819,534775,0,0,0,6,,17290,2,,8706
2014-08-29,882,533956,0,0,0,21,,17284,13,,8704
2014-08-28,1178,533074,251,0,251,33,13.15%,17263,24,9.56%,8691
2014-08-27,764,531896,96,0,96,31,32.29%,17230,25,26.04%,8667
2014-08-26,1501,531132,491,0,491,72,14.66%,17199,52,10.59%,8642
2014-08-25,1329,529631,0,0,0,28,,17127,15,,8590
2014-08-24,136,528302,0,0,0,15,,17099,10,,8575
2014-08-23,609,528166,0,0,0,14,,17084,9,,8565
2014-08-22,470,527557,0,0,0,15,,17070,9,,8556
2014-08-21,394,527087,195,221,416,33,7.93%,17055,20,4.81%,8547
2014-08-20,1081,526693,292,294,586,54,9.22%,17022,39,6.66%,8527
2014-08-19,1128,525612,528,543,1071,107,9.99%,16968,75,7.00%,8488
2014-08-18,2175,524484,0,0,0,125,,16861,96,,8413
2014-08-17,1836,522309,0,0,0,19,,16736,14,,8317
2014-08-16,797,520473,0,0,0,22,,16717,14,,8303
2014-08-15,1785,519676,0,0,0,93,,16695,67,,8289
2014-08-14,3998,517891,4035,3910,7945,416,5.24%,16602,303,3.81%,8222
2014-08-13,2582,513893,104,107,211,53,25.12%,16186,39,18.48%,7919
2014-08-12,606,511311,345,366,711,65,9.14%,16133,51,7.17%,7880
2014-08-11,348,510705,0,0,0,50,,16068,39,,7829
2014-08-10,813,510357,0,0,0,25,,16018,19,,7790
2014-08-09,1080,509544,0,0,0,12,,15993,8,,7771
2014-08-08,1135,508464,0,0,0,33,,15981,23,,7763
2014-08-07,997,507329,0,59,59,48,81.36%,15948,28,47.46%,7740
2014-08-06,48,506332,0,43,43,115,267.44%,15900,77,179.07%,7712
2014-08-05,3224,506284,5776,9116,14892,346,2.32%,15785,248,1.67%,7635
2014-08-04,816,503060,0,0,0,72,,15439,53,,7387
2014-08-03,1254,502244,0,0,0,19,,15367,14,,7334
2014-08-02,1965,500990,0,0,0,25,,15348,19,,7320
2014-08-01,2149,499025,0,0,0,93,,15323,65,,7301
2014-07-31,4375,496876,4147,4716,8863,224,2.53%,15230,162,1.83%,7236
2014-07-30,4640,492501,4247,4273,8520,183,2.15%,15006,139,1.63%,7074
2014-07-29,2764,487861,163,548,711,76,10.69%,14823,57,8.02%,6935
2014-07-28,1037,485097,0,0,0,70,,14747,49,,6878
2014-07-27,1175,484060,0,0,0,17,,14677,9,,6829
2014-07-26,2481,482885,0,0,0,40,,14660,24,,6820
2014-07-25,3011,480404,0,0,0,35,,14620,22,,6796
2014-07-24,1084,477393,0,75,75,105,140.00%,14585,79,105.33%,6774
2014-07-23,6599,476309,6349,6745,13094,385,2.94%,14480,271,2.07%,6695
2014-07-22,12599,469710,3017,5320,8337,282,3.38%,14095,201,2.41%,6424
2014-07-21,1463,457111,0,0,0,68,,13813,44,,6223
2014-07-20,1370,455648,0,0,0,39,,13745,24,,6179
2014-07-19,1384,454278,0,0,0,52,,13706,29,,6155
2014-07-18,3589,452894,0,0,0,395,,13654,255,,6126
2014-07-17,6056,449305,28,17910,17938,402,2.24%,13259,264,1.47%,5871
2014-07-16,2914,443249,480,12447,12927,304,2.35%,12857,195,1.51%,5607
2014-07-15,706,440335,1501,0,1501,40,2.66%,12553,23,1.53%,5412
2014-07-14,768,439629,0,0,0,25,,12513,18,,5389
2014-07-13,1491,438861,0,0,0,12,,12488,6,,5371
2014-07-12,1244,437370,0,0,0,10,,12476,5,,5365
2014-07-11,852,436126,0,0,0,20,,12466,13,,5360
2014-07-10,1472,435274,1467,0,1467,54,3.68%,12446,40,2.73%,5347
2014-07-09,1238,433802,1452,0,1452,66,4.55%,12392,45,3.10%,5307
2014-07-08,1383,432564,1479,0,1479,62,4.19%,12326,39,2.64%,5262
2014-07-07,1178,431181,0,0,0,65,,12264,51,,5223
2014-07-06,1367,430003,0,0,0,11,,12199,5,,5172
2014-07-05,1341,428636,0,0,0,12,,12188,7,,5167
2014-07-04,649,427295,0,0,0,18,,12176,10,,5160
2014-07-03,979,426646,1541,0,1541,69,4.48%,12158,46,2.99%,5150
2014-07-02,1148,425667,1848,0,1848,59,3.19%,12089,39,2.11%,5104
2014-07-01,1225,424519,2035,0,2035,55,2.70%,12030,34,1.67%,5065
2014-06-30,2181,423294,0,0,0,82,,11975,56,,5031
2014-06-29,625,421113,0,0,0,3,,11893,3,,4975
2014-06-28,358,420488,0,0,0,9,,11890,8,,4972
2014-06-27,1740,420130,0,0,0,22,,11881,14,,4964
2014-06-26,875,418390,253,0,253,36,14.23%,11859,31,12.25%,4950
2014-06-25,767,417515,188,0,188,32,17.02%,11823,22,11.70%,4919
2014-06-24,1294,416748,493,0,493,73,14.81%,11791,59,11.97%,4897
2014-06-23,995,415454,0,0,0,138,,11718,97,,4838
2014-06-22,1197,414459,0,0,0,5,,11580,4,,4741
2014-06-21,2528,413262,0,0,0,13,,11575,8,,4737
2014-06-20,695,410734,0,0,0,24,,11562,18,,4729
2014-06-19,622,410039,124,0,124,20,16.13%,11538,18,14.52%,4711
2014-06-18,596,409417,292,0,292,41,14.04%,11518,28,9.59%,4693
2014-06-17,986,408821,236,0,236,50,21.19%,11477,33,13.98%,4665
2014-06-16,753,407835,0,0,0,36,,11427,27,,4632
2014-06-15,1288,407082,0,0,0,20,,11391,12,,4605
2014-06-14,1197,405794,0,0,0,24,,11371,16,,4593
2014-06-13,1376,404597,0,0,0,92,,11347,73,,4577
2014-06-12,993,403221,186,0,186,67,36.02%,11255,46,24.73%,4504
2014-06-11,2010,402228,3120,0,3120,174,5.58%,11188,125,4.01%,4458
2014-06-10,2114,400218,6851,0,6851,223,3.26%,11014,174,2.54%,4333
2014-06-09,1693,398104,0,0,0,79,,10791,56,,4159
2014-06-08,1465,396411,0,0,0,32,,10712,24,,4103
2014-06-07,831,394946,0,0,0,28,,10680,23,,4079
2014-06-06,1629,394115,0,0,0,80,,10652,60,,4056
2014-06-05,3133,392486,200,0,200,131,65.50%,10572,106,53.00%,3996
2014-06-04,4065,389353,500,0,500,379,75.80%,10441,278,55.60%,3890
2014-06-03,8293,385288,310,0,310,779,251.29%,10062,573,184.84%,3612
2014-06-02,3389,376995,151,0,151,453,300.00%,9283,325,215.23%,3039
2014-06-01,1959,373606,1252,0,1252,83,6.63%,8830,62,4.95%,2714
2014-05-31,2918,371647,5001,0,5001,91,1.82%,8747,63,1.26%,2652
2014-05-30,2705,368729,4785,0,4785,102,2.13%,8656,74,1.55%,2589
2014-05-29,1045,366024,120,0,120,33,27.50%,8554,26,21.67%,2515
2014-05-28,1352,364979,194,0,194,32,16.49%,8521,19,9.79%,2489
2014-05-27,871,363627,135,0,135,26,19.26%,8489,20,14.81%,2470
2014-05-26,648,362756,66,0,66,21,31.82%,8463,16,24.24%,2450
2014-05-25,1043,362108,442,0,442,18,4.07%,8442,12,2.71%,2434
2014-05-24,991,361065,109,0,109,17,15.60%,8424,11,10.09%,2422
2014-05-23,995,360074,49,0,49,25,51.02%,8407,18,36.73%,2411
2014-05-22,1863,359079,909,0,909,78,8.58%,8382,65,7.15%,2393
2014-05-21,1486,357216,52,0,52,49,94.23%,8304,29,55.77%,2328
2014-05-20,3835,355730,1673,0,1673,127,7.59%,8255,98,5.86%,2299
2014-05-19,1120,351895,0,0,0,49,,8128,35,,2201
2014-05-18,877,350775,0,0,0,22,,8079,15,,2166
2014-05-17,2569,349898,0,0,0,26,,8057,21,,2151
2014-05-16,3386,347329,0,0,0,106,,8031,79,,2130
2014-05-15,5296,343943,7889,0,7889,279,3.54%,7925,203,2.57%,2051
2014-05-14,5260,338647,6732,0,6732,301,4.47%,7646,223,3.31%,1848
2014-05-13,7303,333387,16654,0,16654,403,2.42%,7345,315,1.89%,1625
2014-05-12,1113,326084,0,0,0,42,,6942,31,,1310
2014-05-11,946,324971,0,0,0,26,,6900,23,,1279
2014-05-10,10047,324025,0,0,0,33,,6874,19,,1256
2014-05-09,5167,313978,0,0,0,165,,6841,125,,1237
2014-05-08,28873,308811,15822,0,15822,478,3.02%,6676,354,2.24%,1112
2014-05-07,8025,279938,13540,0,13540,393,2.90%,6198,286,2.11%,758
2014-05-06,4747,271913,5829,0,5829,148,2.54%,5805,108,1.85%,472
2014-05-05,527,267166,0,0,0,2,,5657,2,,364
2014-05-04,608,266639,0,0,0,0,,5655,0,,362
2014-05-03,1071,266031,0,0,0,0,,5655,0,,362
2014-05-02,11574,264960,0,0,0,8,,5655,7,,362
2014-05-01,34903,253386,199,0,199,9,4.52%,5647,8,4.02%,355

